<shaderConfig name="SDWSkinInstancing" baseShader="SOLID">
	<uniforms>
		<vs>
			<uniform name="uVPMatrix" type="VIEW_PROJECTION" value="0" float="16" matrix="true"/>
			<uniform name="uBoneCount" type="BONE_COUNT" value="0.0, 0.0" float="2"/>
			<uniform name="uTransformTexture" type="DEFAULT_VALUE" value="4" float="1" directX="false"/>
			<uniform name="uTransformTextureSize" type="TEXTURE_WIDTH_HEIGHT" valueIndex="4" value="1.0, 1.0" float="2"/>
		</vs>
	</uniforms>
	<resources>
		<resource name="uTransformTexture" type="TransformTexture"/>
	</resources>
	<shader type="GLSL" vs="GLSL/SDWSkinInstancingVS.glsl" fs="GLSL/ShadowDepthWriteFS.glsl" vs_source="GLSL/SDWSkinInstancingVS.d.glsl"/>
	<shader type="HLSL" vs="HLSL/SDWSkinInstancingVS.hlsl" fs="HLSL/ShadowDepthWriteFS.hlsl" vs_source="HLSL/SDWSkinInstancingVS.d.hlsl"/>
</shaderConfig>