<shaderConfig name="ShadowCubeDepthWrite" baseShader="SOLID">
	<uniforms>
		<vs>
			<uniform name="uMvpMatrix" type="WORLD_VIEW_PROJECTION" value="0" float="16" matrix="true"/>
			<uniform name="uWorldMatrix" type="WORLD" value="0" float="16" matrix="true"/>
		</vs>
		<fs>
			<uniform name="uLightPosition" type="POINT_LIGHT_POSITION" value="0" float="4"/>
		</fs>
	</uniforms>
	<shader type="GLSL" vs="GLSL/ShadowCubeDepthWriteVS.glsl" fs="GLSL/ShadowCubeDepthWriteFS.glsl"/>
	<shader type="HLSL" vs="HLSL/ShadowCubeDepthWriteVS.hlsl" fs="HLSL/ShadowCubeDepthWriteFS.hlsl"/>
</shaderConfig>