<shaderConfig name="ShadowLightDistanceWrite" baseShader="SOLID">
	<uniforms>
		<vs>
			<uniform name="uMvpMatrix" type="WORLD_VIEW_PROJECTION" value="0" float="16" matrix="true"/>
			<uniform name="uWorldMatrix" type="WORLD" value="0" float="16" matrix="true"/>
		</vs>
		<fs>
			<uniform name="uLightPosition" type="POINT_LIGHT_POSITION" value="0" float="4"/>
		</fs>
	</uniforms>
	<shader type="GLSL" vs="GLSL/ShadowDepthWriteVS.glsl" fs="GLSL/ShadowLightDistanceWriteFS.glsl"/>
	<shader type="HLSL" vs="HLSL/ShadowDepthWriteVS.hlsl" fs="HLSL/ShadowLightDistanceWriteFS.hlsl"/>
</shaderConfig>