<shaderConfig name="ShadowLightDistanceWriteSkinMesh" baseShader="SOLID" softwareSkinning="ShadowLightDistanceWrite">
	<uniforms>
		<vs>
			<uniform name="uMvpMatrix" type="WORLD_VIEW_PROJECTION" value="0" float="16" matrix="true"/>
			<uniform name="uWorldMatrix" type="WORLD" value="0" float="16" matrix="true"/>
			<uniform name="uBoneMatrix" type="BONE_MATRIX" value="0" float="16" array="64" matrix="true"/>
		</vs>
		<fs>
			<uniform name="uLightPosition" type="POINT_LIGHT_POSITION" value="0" float="4"/>
		</fs>
	</uniforms>
	<shader type="GLSL" vs="GLSL/ShadowDepthWriteSkinMeshVS.glsl" fs="GLSL/ShadowLightDistanceWriteFS.glsl"/>
	<shader type="HLSL" vs="HLSL/ShadowDepthWriteSkinMeshVS.hlsl" fs="HLSL/ShadowLightDistanceWriteFS.hlsl"/>
</shaderConfig>