<shaderConfig name="SkinToonInstancing2" baseShader="SOLID" shadowDepth="SDWSkinInstancing2">
	<dependent shader="../ShadowDepthWrite/SDWSkinInstancing2.xml"/>
	<uniforms>
		<vs>
			<uniform name="uVpMatrix" type="VIEW_PROJECTION" value="0" float="16" matrix="true"/>
			<uniform name="uCameraPosition" type="WORLD_CAMERA_POSITION" value="0" float="4"/>
			<uniform name="uBoneCount" type="BONE_COUNT" value="0.0, 0.0" float="2"/>
			<uniform name="uTransformTexture" type="DEFAULT_VALUE" value="4" float="1" directX="false"/>
			<uniform name="uTransformTextureSize" type="TEXTURE_WIDTH_HEIGHT" valueIndex="4" value="1.0, 1.0" float="2"/>
		</vs>
		<fs>
			<uniform name="uTexDiffuse" type="DEFAULT_VALUE" value="0" float="1" directX="false"/>
			<uniform name="uTexRamp" type="DEFAULT_VALUE" value="1" float="1" directX="false"/>
			<uniform name="uLightDirection" type="WORLD_LIGHT_DIRECTION" value="0" float="4"/>
			<uniform name="uLightColor" type="LIGHT_COLOR" value="1.0, 1.0, 1.0, 1.0" float="4"/>
			<uniform name="uColor" type="MATERIAL_PARAM" valueIndex="1" value="1.0, 1.0, 1.0, 1.0" float="4"/>
			<uniform name="uShadowColor" type="MATERIAL_PARAM" valueIndex="2" value="0.5, 0.5, 0.5, 0.5" float="4"/>
			<uniform name="uWrapFactor" type="MATERIAL_PARAM" valueIndex="3" value="1.0, 0.3" float="2"/>
			<uniform name="uSpecular" type="MATERIAL_PARAM" valueIndex="4" value="0.5, 0.5; 0.3" float="3"/>
			<uniform name="uSHConst" type="SH_CONST" value="0" float="4" array="4"/>
		</fs>
	</uniforms>
	<resources>
		<resource name="uTransformTexture" type="TransformTexture"/>
	</resources>
	<customUI>
		<ui control="UIGroup" name="Texture">
			<ui control="UITexture" name="uTexDiffuse" autoReplace="_diff.;_Diffuse.;_D."/>
			<ui control="UITexture" name="uTexRamp" autoReplace=""/>
		</ui>
		<ui control="UIGroup" name="Customize">
			<ui control="UIFloat4" name="uUVScale" elementName="UV ScaleX;UV ScaleY;UV OffsetX;UV OffsetY"/>
			<ui control="UIColor" name="uColor"/>
			<ui control="UIColor" name="uShadowColor"/>
			<ui control="UIFloat2" name="uWrapFactor" elementName="Wrap Factor;Ambient" min="0.0" max="10.0"/>
			<ui control="UIFloat3" name="uSpecular" elementName="Glossiness;Specular;SpecSmooth" min="0.0" max="1.0"/>
		</ui>
	</customUI>
	<shader type="GLSL" vs="GLSL/SkinToonInstancing2VS.glsl" fs="GLSL/ToonFS.glsl" fs_source="GLSL/ToonFS.d.glsl" vs_source="GLSL/SkinToonInstancing2VS.d.glsl"/>
	<shader type="HLSL" vs="HLSL/SkinToonInstancing2VS.hlsl" fs="HLSL/ToonFS.hlsl" fs_source="HLSL/ToonFS.d.hlsl" vs_source="HLSL/SkinToonInstancing2VS.d.hlsl"/>
</shaderConfig>