<shaderConfig name="TransparentInstancing" baseShader="TRANSPARENT_ALPHA_CHANNEL">
	<uniforms>
		<vs>
			<uniform name="uVPMatrix" type="VIEW_PROJECTION" value="0" float="16" matrix="true"/>
		</vs>
		<fs>
			<uniform name="uTexDiffuse" type="DEFAULT_VALUE" value="0" float="1" directX="false"/>
		</fs>
	</uniforms>
	<customUI>
		<ui control="UIGroup" name="Texture">
			<ui control="UITexture" name="uTexDiffuse" autoReplace="_diff.tga"/>
		</ui>
	</customUI>
	<shader type="GLSL" vs="GLSL/TransparentColorInstancingVS.glsl" fs="GLSL/TransparentColorInstancingFS.glsl"/>
	<shader type="HLSL" vs="HLSL/TransparentColorInstancingVS.hlsl" fs="HLSL/TransparentColorInstancingFS.hlsl"/>
</shaderConfig>