<shaderConfig name="BlurFilter" baseShader="SOLID">
	<uniforms>
		<vs>
			<uniform name="uMvpMatrix" type="WORLD_VIEW_PROJECTION" value="0" float="16" matrix="true"/>
		</vs>
		<fs>
			<uniform name="uSourceTex" type="DEFAULT_VALUE" value="0" float="1" directX="false"/>
			<uniform name="uTexelSize" type="MATERIAL_PARAM" valueIndex="0" value="0" float="2"/>
		</fs>
	</uniforms>
	<shader type="GLSL" vs="GLSL/BlurFilterVS.glsl" fs="GLSL/BlurFilterFS.glsl"/>
	<shader type="HLSL" vs="HLSL/BlurFilterVS.hlsl" fs="HLSL/BlurFilterFS.hlsl"/>
</shaderConfig>