<shaderConfig name="BrightFilter" baseShader="SOLID">
	<uniforms>
		<vs>
			<uniform name="uMvpMatrix" type="WORLD_VIEW_PROJECTION" value="0" float="16" matrix="true"/>
		</vs>
		<fs>
			<uniform name="uSourceTex" type="DEFAULT_VALUE" value="0" float="1" directX="false"/>
			<uniform name="uSourceEmission" type="DEFAULT_VALUE" value="1" float="1" directX="false"/>
			<uniform name="uCurve" type="MATERIAL_PARAM" valueIndex="0" value="0" float="4"/>
		</fs>
	</uniforms>
	<shader type="GLSL" vs="GLSL/BrightFilterVS.glsl" fs="GLSL/BrightFilterFS.glsl"/>
	<shader type="HLSL" vs="HLSL/BrightFilterVS.hlsl" fs="HLSL/BrightFilterFS.hlsl"/>
</shaderConfig>