<shaderConfig name="PostEffect" baseShader="SOLID">
	<uniforms>
		<vs>
			<uniform name="uMvpMatrix" type="WORLD_VIEW_PROJECTION" value="0" float="16" matrix="true"/>
		</vs>
		<fs>
			<uniform name="uTexColor" type="DEFAULT_VALUE" value="0" float="1" directX="false"/>
			<uniform name="uTexLuminance" type="DEFAULT_VALUE" value="1" float="1" directX="false"/>
		</fs>
	</uniforms>
	<customUI>
	</customUI>
	<shader type="GLSL" vs="GLSL/PostEffectVS.glsl" fs="GLSL/PostEffectFS.glsl" fs_source="GLSL/PostEffectFS.d.glsl" define="AUTO_EXPOSURE"/>
	<shader type="HLSL" vs="HLSL/PostEffectVS.hlsl" fs="HLSL/PostEffectFS.hlsl" fs_source="HLSL/PostEffectFS.d.hlsl" define="AUTO_EXPOSURE"/>
</shaderConfig>