<shaderConfig name="ParticleAdditive" baseShader="TRANSPARENT_ADD_COLOR">
	<uniforms>
		<vs>
			<uniform name="uMvpMatrix" type="WORLD_VIEW_PROJECTION" value="0" float="16" matrix="true"/>
		</vs>
		<fs>
			<uniform name="uTexture" type="DEFAULT_VALUE" value="0" float="1" directX="false"/>
		</fs>
	</uniforms>
	<customUI>
		<ui control="UIGroup" name="Texture">
			<ui control="UITexture" name="uTexture"/>
		</ui>
	</customUI>
	<shader type="GLSL" vs="GLSL/ParticleVS.glsl" fs="GLSL/ParticleAdditiveFS.glsl" fs_source="GLSL/ParticleAdditiveFS.d.glsl"/>
	<shader type="HLSL" vs="HLSL/ParticleVS.hlsl" fs="HLSL/ParticleAdditiveFS.hlsl" fs_source="HLSL/ParticleAdditiveFS.d.hlsl"/>
</shaderConfig>