<shaderConfig name="ParticleTransparent" baseShader="TRANSPARENT_ALPHA_CHANNEL">
	<uniforms>
		<vs>
			<uniform name="uMvpMatrix" type="WORLD_VIEW_PROJECTION" value="0" float="16" matrix="true"/>
		</vs>
		<fs>
			<uniform name="uTexture" type="DEFAULT_VALUE" value="0" float="1" directX="false"/>
			<uniform name="uColorIntensity" type="COLOR_INTENSITY" value="1.0, 1.0, 1.0, 1.0" float="4"/>
		</fs>
	</uniforms>
	<customUI>
		<ui control="UIGroup" name="Texture">
			<ui control="UITexture" name="uTexture"/>
		</ui>
	</customUI>
	<shader type="GLSL" vs="GLSL/ParticleVS.glsl" fs="GLSL/ParticleFS.glsl" fs_source="GLSL/ParticleFS.d.glsl"/>
	<shader type="HLSL" vs="HLSL/ParticleVS.hlsl" fs="HLSL/ParticleFS.hlsl" fs_source="HLSL/ParticleFS.d.hlsl"/>
</shaderConfig>