<shaderConfig name="ParticleBillboardAdditive" baseShader="TRANSPARENT_ADD_COLOR">
	<uniforms>
		<vs>
			<uniform name="uMvpMatrix" type="WORLD_VIEW_PROJECTION" value="0" float="16" matrix="true"/>
			<uniform name="uViewUp" type="PARTICLE_VIEW_UP" value="0" float="4"/>
			<uniform name="uViewLook" type="PARTICLE_VIEW_LOOK" value="0" float="4"/>
		</vs>
		<fs>
			<uniform name="uTexture" type="DEFAULT_VALUE" value="0" float="1" directX="false"/>
		</fs>
	</uniforms>
	<customUI>
		<ui control="UIGroup" name="Texture">
			<ui control="UITexture" name="uTexture"/>
		</ui>
	</customUI>
	<shader type="GLSL" vs="GLSL/ParticleBillboardVS.glsl" fs="GLSL/ParticleAdditiveFS.glsl"/>
	<shader type="HLSL" vs="HLSL/ParticleBillboardVS.hlsl" fs="HLSL/ParticleAdditiveFS.hlsl"/>
</shaderConfig>