<shaderConfig name="ReflectionProbe" baseShader="SOLID">
	<uniforms>
		<vs>
			<uniform name="uMvpMatrix" type="WORLD_VIEW_PROJECTION" value="0" float="16" matrix="true"/>
			<uniform name="uWorldMatrix" type="WORLD" value="0" float="16" matrix="true"/>
		</vs>
		<fs>
			<uniform name="uTexReflect" type="DEFAULT_VALUE" value="0" float="1" directX="false"/>
		</fs>
	</uniforms>
	<shader type="GLSL" vs="GLSL/SHVS.glsl" fs="GLSL/ReflectionProbeFS.glsl" fs_source="GLSL/ReflectionProbeFS.d.glsl"/>
	<shader type="HLSL" vs="HLSL/SHVS.hlsl" fs="HLSL/ReflectionProbeFS.hlsl" fs_source="HLSL/ReflectionProbeFS.d.hlsl"/>
</shaderConfig>