<shaderConfig name="SGSkinInstaningAlpha" baseShader="TRANSPARENT_ALPHA_CHANNEL">
	<uniforms>
		<vs>
			<uniform name="uVpMatrix" type="VIEW_PROJECTION" value="0" float="16" matrix="true"/>
			<uniform name="uCameraPosition" type="WORLD_CAMERA_POSITION" value="0" float="4"/>
			<uniform name="uLightDirection" type="WORLD_LIGHT_DIRECTION" value="0" float="4"/>
			<uniform name="uAnimation" type="MATERIAL_PARAM" valueIndex="0" value="1.0, 1.0, 0.0, 0.0" float="4"/>
			<uniform name="uTransformTexture" type="DEFAULT_VALUE" value="4" float="1" directX="false"/>
			<uniform name="uTransformTextureSize" type="TEXTURE_WIDTH_HEIGHT" valueIndex="4" value="1.0, 1.0" float="2"/>
		</vs>
		<fs>
			<uniform name="uTexDiffuse" type="DEFAULT_VALUE" value="0" float="1" directX="false"/>
			<uniform name="uTexNormal" type="DEFAULT_VALUE" value="1" float="1" directX="false"/>
			<uniform name="uTexSpecular" type="DEFAULT_VALUE" value="2" float="1" directX="false"/>
			<uniform name="uTexReflect" type="DEFAULT_VALUE" value="3" float="1" directX="false"/>

			<uniform name="uLightColor" type="LIGHT_COLOR" value="1.0,1.0,1.0,1.0" float="4"/>
			<uniform name="uColor" type="MATERIAL_PARAM" valueIndex="1" value="1.0, 1.0, 1.0, 1.0" float="4"/>
			<uniform name="uSHConst" type="SH_CONST" value="0" float="4" array="4"/>
		</fs>
	</uniforms>
	<resources>
		<resource name="uTexReflect" type="ReflectionProbe"/>
		<resource name="uTransformTexture" type="TransformTexture"/>
	</resources>
	<customUI>
		<ui control="UIGroup" name="Texture">
			<ui control="UITexture" name="uTexDiffuse" autoReplace="_diff.;_Diffuse.;_D."/>
			<ui control="UITexture" name="uTexNormal" autoReplace="_norm.;_Normal.;_N."/>
			<ui control="UITexture" name="uTexSpecular" autoReplace="_spec.;_Specular.;_S."/>
		</ui>
		<ui control="UIGroup" name="Customize">
			<ui control="UIColor" name="uColor"/>
		</ui>
	</customUI>
	<shader type="GLSL" vs="GLSL/SGSkinInstancingVS.glsl" fs="GLSL/SGLitFS.glsl" vs_source="GLSL/SGSkinInstancingVS.d.glsl"/>
	<shader type="HLSL" vs="HLSL/SGSkinInstancingVS.hlsl" fs="HLSL/SGLitFS.hlsl" vs_source="HLSL/SGSkinInstancingVS.d.hlsl"/>
</shaderConfig>