<shaderConfig name="MetallicRoughness" baseShader="SOLID" deferred="true">
	<instancing vertex="tangents" shader="MetallicRoughnessInstancing" instancingVertex="tangents_sg"/>
	<dependent shader="MetallicRoughnessInstancing.xml"/>
	<uniforms>
		<vs>
			<uniform name="uMvpMatrix" type="WORLD_VIEW_PROJECTION" value="0" float="16" matrix="true"/>
			<uniform name="uWorldMatrix" type="WORLD" value="0" float="16" matrix="true"/>
			<uniform name="uView" type="DEFERRED_VIEW" value="0" float="16" matrix="true"/>
			<uniform name="uUVScale" type="MATERIAL_PARAM" valueIndex="0" value="1.0, 1.0, 0.0, 0.0" float="4"/>
		</vs>
		<fs>
			<uniform name="uTexAlbedo" type="DEFAULT_VALUE" value="0" float="1" directX="false"/>
			<uniform name="uTexNormal" type="DEFAULT_VALUE" value="1" float="1" directX="false" normal="true"/>
			<uniform name="uTexRoughMetal" type="DEFAULT_VALUE" value="2" float="1" directX="false"/>
			<uniform name="uColor" type="MATERIAL_PARAM" valueIndex="1" value="1.0, 1.0, 1.0, 1.0" float="4"/>
		</fs>
	</uniforms>
	<resources>
	</resources>
	<customUI>
		<ui control="UIGroup" name="Texture">
			<ui control="UITexture" name="uTexAlbedo" autoReplace="_a."/>
			<ui control="UITexture" name="uTexNormal" autoReplace="_norm.;_ddn.;_n."/>
			<ui control="UITexture" name="uTexRoughMetal" autoReplace="_rma.;_rm.;_c."/>
		</ui>
		<ui control="UIGroup" name="Customize">
			<ui control="UIColor" name="uColor"/>
			<ui control="UIFloat4" name="uUVScale" elementName="UV ScaleX;UV ScaleY;UV OffsetX;UV OffsetY"/>
		</ui>
	</customUI>
	<shader type="GLSL" vs="GLSL/SGTangentVS.glsl" fs="GLSL/MetallicRoughnessFS.glsl"/>
	<shader type="HLSL" vs="HLSL/SGTangentVS.hlsl" fs="HLSL/MetallicRoughnessFS.hlsl"/>
</shaderConfig>