<shaderConfig name="MetallicRoughnessInstancing" baseShader="SOLID" deferred="true">
	<uniforms>
		<vs>
			<uniform name="uVPMatrix" type="VIEW_PROJECTION" value="0" float="16" matrix="true"/>
			<uniform name="uView" type="DEFERRED_VIEW" value="0" float="16" matrix="true"/>
		</vs>
		<fs>
			<uniform name="uTexAlbedo" type="DEFAULT_VALUE" value="0" float="1" directX="false"/>
			<uniform name="uTexNormal" type="DEFAULT_VALUE" value="1" float="1" directX="false" normal="true"/>
			<uniform name="uTexRoughMetal" type="DEFAULT_VALUE" value="2" float="1" directX="false"/>
		</fs>
	</uniforms>
	<resources>
	</resources>
	<customUI>
	</customUI>
	<shader type="GLSL" 
		vs="GLSL/SGTangentVSInstancing.glsl" 
		fs="GLSL/MetallicRoughnessFSInstancing.glsl"
		vs_source="GLSL/SGTangentVS.glsl" 
		fs_source="GLSL/MetallicRoughnessFS.glsl"
		define="INSTANCING"/>
	<shader type="HLSL"
		vs="HLSL/SGTangentVSInstancing.hlsl" 
		fs="HLSL/MetallicRoughnessFSInstancing.hlsl"
		vs_source="HLSL/SGTangentVS.hlsl" 
		fs_source="HLSL/MetallicRoughnessFS.hlsl"
		define="INSTANCING"/>
</shaderConfig>