<shaderConfig name="MetersGrid" baseShader="SOLID" deferred="true">
	<uniforms>
		<vs>
			<uniform name="uMvpMatrix" type="WORLD_VIEW_PROJECTION" value="0" float="16" matrix="true"/>
			<uniform name="uWorldMatrix" type="WORLD" value="0" float="16" matrix="true"/>
			<uniform name="uView" type="DEFERRED_VIEW" value="0" float="16" matrix="true"/>
			<uniform name="uUVScale" type="MATERIAL_PARAM" valueIndex="0" value="1.0,1.0,0.0,0.0" float="4"/>
		</vs>
		<fs>
			<uniform name="uColor" type="MATERIAL_PARAM" valueIndex="1" value="1.0, 1.0, 1.0, 1.0" float="4"/>
			<uniform name="uSpecGloss" type="MATERIAL_PARAM" valueIndex="2" value="0.4, 0.3, 0.0, 1.0" float="2"/>
		</fs>
	</uniforms>
	<resources>
	</resources>
	<customUI>
		<ui control="UIGroup" name="Customize">
			<ui control="UIColor" name="uColor"/>
			<ui control="UIFloat2" name="uSpecGloss" elementName="Specular;Glossiness" min="0" max="1"/>
		</ui>
	</customUI>
	<shader type="GLSL" vs="GLSL/DiffuseSpecularGlossinessVS.glsl" fs="GLSL/MetersGridFS.glsl" fs_source="GLSL/MetersGridFS.d.glsl"/>
	<shader type="HLSL" vs="HLSL/DiffuseSpecularGlossinessVS.hlsl" fs="HLSL/MetersGridFS.hlsl" fs_source="HLSL/MetersGridFS.d.hlsl"/>
</shaderConfig>