<shaderConfig name="SpecularGlossinessMask" baseShader="SOLID" deferred="true">
	<uniforms>
		<vs>
			<uniform name="uMvpMatrix" type="WORLD_VIEW_PROJECTION" value="0" float="16" matrix="true"/>
			<uniform name="uWorldMatrix" type="WORLD" value="0" float="16" matrix="true"/>
			<uniform name="uView" type="DEFERRED_VIEW" value="0" float="16" matrix="true"/>
			<uniform name="uUVScale" type="MATERIAL_PARAM" valueIndex="0" value="1.0, 1.0, 0.0, 0.0" float="4"/>
		</vs>
		<fs>
			<uniform name="uTexDiffuse" type="DEFAULT_VALUE" value="0" float="1" directX="false"/>
			<uniform name="uTexNormal" type="DEFAULT_VALUE" value="1" float="1" directX="false" normal="true"/>
			<uniform name="uTexSpecGloss" type="DEFAULT_VALUE" value="2" float="1" directX="false"/>
			<uniform name="uTexMask" type="DEFAULT_VALUE" value="3" float="1" directX="false"/>
			<uniform name="uColor" type="MATERIAL_PARAM" valueIndex="1" value="1.0, 1.0, 1.0, 1.0" float="4"/>
			<uniform name="uCutoff" type="MATERIAL_PARAM" valueIndex="3" value="0.4" float="1"/>
		</fs>
	</uniforms>
	<resources>
	</resources>
	<customUI>
		<ui control="UIGroup" name="Texture">
			<ui control="UITexture" name="uTexDiffuse" autoReplace="_diff.;_dif."/>
			<ui control="UITexture" name="uTexNormal" autoReplace="_norm.;_ddn.;_n."/>
			<ui control="UITexture" name="uTexSpecGloss" autoReplace="_spec.;_s."/>
			<ui control="UITexture" name="uTexMask" autoReplace="_mask.;_alpha.;_a."/>
		</ui>
		<ui control="UIGroup" name="Customize">
			<ui control="UIColor" name="uColor"/>
			<ui control="UIFloat4" name="uUVScale" elementName="UV ScaleX;UV ScaleY;UV OffsetX;UV OffsetY"/>
			<ui control="UIFloat" name="uCutoff" elementName="Cutoff" min="0" max="1"/>
		</ui>
	</customUI>
	<shader type="GLSL" vs="GLSL/SGTangentVS.glsl" fs="GLSL/SpecularGlossinessMaskFS.glsl"/>
	<shader type="HLSL" vs="HLSL/SGTangentVS.hlsl" fs="HLSL/SpecularGlossinessMaskFS.hlsl"/>
</shaderConfig>