<shaderConfig name="BakeFinalNoDirectionLight" baseShader="SOLID">
	<uniforms>
		<vs>
			<uniform name="uMvpMatrix" type="WORLD_VIEW_PROJECTION" value="0" float="16" matrix="true"/>
		</vs>
		<fs>
			<uniform name="uDirectionalLight" type="DEFAULT_VALUE" value="0" float="1" directX="false"/>
			<uniform name="uPointLight" type="DEFAULT_VALUE" value="1" float="1" directX="false"/>
		</fs>
	</uniforms>
	<customUI>
	</customUI>
	<shader type="GLSL" vs="GLSL/BakeFinalVS.glsl" fs="GLSL/BakeFinalNoDLFS.glsl" fs_source="GLSL/BakeFinalFS.d.glsl" />
	<shader type="HLSL" vs="HLSL/BakeFinalVS.hlsl" fs="HLSL/BakeFinalNoDLFS.hlsl" fs_source="HLSL/BakeFinalFS.d.hlsl" />
</shaderConfig>