<shaderConfig name="LightmapDirection" baseShader="SOLID">
	<uniforms>
		<vs>
			<uniform name="uMvpMatrix" type="WORLD_VIEW_PROJECTION" value="0" float="16" matrix="true"/>
		</vs>
		<fs>
			<uniform name="uTexLightmap" type="DEFAULT_VALUE" value="0" float="1" directX="false"/>
			<uniform name="uLightmapIndex" type="LIGHTMAP_INDEX" value="0" float="1"/>
		</fs>
	</uniforms>
	<customUI>
	</customUI>
	<shader type="GLSL" vs="GLSL/VS.glsl" fs="GLSL/LightmapDirectionFS.glsl"/>
	<shader type="HLSL" vs="HLSL/VS.hlsl" fs="HLSL/LightmapDirectionFS.hlsl"/>
</shaderConfig>