<shaderConfig name="Luminance" baseShader="SOLID">
	<uniforms>
		<vs>
			<uniform name="uMvpMatrix" type="WORLD_VIEW_PROJECTION" value="0" float="16" matrix="true"/>
		</vs>
		<fs>
			<uniform name="uTexDiffuse" type="DEFAULT_VALUE" value="0" float="1" directX="false"/>
		</fs>
	</uniforms>
	<customUI>
	</customUI>
	<shader type="GLSL" vs="GLSL/TextureColorVS.glsl" fs="GLSL/LuminanceFS.glsl"/>
	<shader type="HLSL" vs="HLSL/TextureColorVS.hlsl" fs="HLSL/LuminanceFS.hlsl"/>
</shaderConfig>