<shaderConfig name="TextureColorDebug" baseShader="TRANSPARENT_ALPHA_CHANNEL">
	<uniforms>
		<vs>
			<uniform name="uMvpMatrix" type="WORLD_VIEW_PROJECTION" value="0" float="16" matrix="true"/>
		</vs>
		<fs>
			<uniform name="uTexDiffuse" type="DEFAULT_VALUE" value="0" float="1" directX="false"/>
			<uniform name="uDebug" type="SHADER_VEC2" value="0" float="2"/>
		</fs>
	</uniforms>
	<customUI>
		<ui control="UIGroup" name="Texture">
			<ui control="UITexture" name="uTexDiffuse" autoReplace="_diff.tga"/>
		</ui>
	</customUI>
	<shader type="GLSL" vs="GLSL/TextureColorVS.glsl" fs="GLSL/TextureColorDebugFS.glsl"/>
	<shader type="HLSL" vs="HLSL/TextureColorVS.hlsl" fs="HLSL/TextureColorDebugFS.hlsl"/>
</shaderConfig>