<shaderConfig name="TextureColor2LayerAdditive" baseShader="TRANSPARENT_ADD_COLOR">
	<uniforms>
		<vs>
			<uniform name="uMvpMatrix" type="WORLD_VIEW_PROJECTION" value="0" float="16" matrix="true"/>
		</vs>
		<fs>
			<uniform name="uTexDiffuse1" type="DEFAULT_VALUE" value="0" float="1" directX="false"/>
			<uniform name="uTexDiffuse2" type="DEFAULT_VALUE" value="1" float="1" directX="false"/>
		</fs>
	</uniforms>
	<customUI>
		<ui control="UIGroup" name="Texture">
			<ui control="UITexture" name="uTexDiffuse1"/>
			<ui control="UITexture" name="uTexDiffuse2"/>
		</ui>
	</customUI>
	<shader type="GLSL" vs="GLSL/TextureColor2LayerVS.glsl" fs="GLSL/TextureColor2LayerFS.glsl"/>
	<shader type="HLSL" vs="HLSL/TextureColor2LayerVS.hlsl" fs="HLSL/TextureColor2LayerFS.hlsl"/>
</shaderConfig>