<shaderConfig name="PBRNoTexture" baseShader="SOLID">
	<uniforms>
		<vs>
			<uniform name="uMvpMatrix" type="WORLD_VIEW_PROJECTION" value="0" float="16" matrix="true"/>
			<uniform name="uWorldMatrix" type="WORLD" value="0" float="16" matrix="true"/>
			<uniform name="uCameraPosition" type="WORLD_CAMERA_POSITION" value="0" float="4"/>
			<uniform name="uLightDirection" type="WORLD_LIGHT_DIRECTION" value="0" float="4"/>
			<uniform name="uUVScale" type="MATERIAL_PARAM" valueIndex="0" value="1.0, 1.0, 0.0, 0.0" float="4"/>
		</vs>
		<fs>
			<uniform name="uTexReflect" type="DEFAULT_VALUE" value="3" float="1" directX="false"/>
			<uniform name="uTexBRDF" type="DEFAULT_VALUE" value="4" float="1" directX="false"/>
			<uniform name="uLightColor" type="LIGHT_COLOR" value="1.0,1.0,1.0,1.0" float="4"/>
			<uniform name="uColor" type="MATERIAL_PARAM" valueIndex="1" value="1.0, 1.0, 1.0, 1.0" float="4"/>
			<uniform name="uRoughnessMetal" type="MATERIAL_PARAM" valueIndex="2" value="0.5, 0.5" float="2"/>
			<uniform name="uSHConst" type="SH_CONST" value="0" float="4" array="4"/>
		</fs>
	</uniforms>
	<resources>
		<resource name="uTexReflect" type="ReflectionProbe"/>
		<!-- https://github.com/KhronosGroup/glTF-Sample-Viewer/issues/64 -->
		<resource name="uTexBRDF" type="Texture" path="BuiltIn/Textures/BRDF.png"/>
	</resources>
	<customUI>
		<ui control="UIGroup" name="Customize">
			<ui control="UIColor" name="uColor"/>
			<ui control="UIFloat4" name="uUVScale" elementName="UV ScaleX;UV ScaleY;UV OffsetX;UV OffsetY"/>
			<ui control="UIFloat2" name="uRoughnessMetal" elementName="Roughness;Metal"/>
		</ui>
	</customUI>
	<shader type="GLSL" vs="GLSL/PBRNoTextureVS.glsl" fs="GLSL/PBRNoTextureFS.glsl" vs_source="GLSL/PBRVS.d.glsl" fs_source="GLSL/PBRLitFS.d.glsl" define="NO_TEXTURE"/>
	<shader type="HLSL" vs="HLSL/PBRNoTextureVS.hlsl" fs="HLSL/PBRNoTextureFS.hlsl" vs_source="HLSL/PBRVS.d.hlsl" fs_source="HLSL/PBRLitFS.d.hlsl" define="NO_TEXTURE"/>
</shaderConfig>