<shaderConfig name="VfxScrollUV2" baseShader="TRANSPARENT_ALPHA_CHANNEL">
	<uniforms>
		<vs>
			<uniform name="uMvpMatrix" type="WORLD_VIEW_PROJECTION" value="0" float="16" matrix="true"/>
			<uniform name="uUVScale" type="MATERIAL_PARAM" valueIndex="0" value="1.0, 1.0, 0.0, 0.0" float="4"/>
			<uniform name="uUVScale1" type="MATERIAL_PARAM" valueIndex="1" value="1.0, 1.0, 0.0, 0.0" float="4"/>
		</vs>
		<fs>
			<uniform name="uTexDiffuse1" type="DEFAULT_VALUE" value="0" float="1" directX="false"/>
			<uniform name="uTexDiffuse2" type="DEFAULT_VALUE" value="1" float="1" directX="false"/>
			<uniform name="uColor1" type="MATERIAL_PARAM" valueIndex="2" value="1.0, 1.0, 1.0, 1.0" float="4"/>
			<uniform name="uColor2" type="MATERIAL_PARAM" valueIndex="3" value="1.0, 1.0, 1.0, 1.0" float="4"/>
			<uniform name="uColorIntensity" type="MATERIAL_PARAM" valueIndex="4" value="1.0, 1.0, 1.0, 1.0" float="4"/>
			<uniform name="uTime" type="TIME" value="4.0, 0.0, 0.0, 0.0" float="4"/>
		</fs>
	</uniforms>
	<customUI>
		<ui control="UIGroup" name="Texture">
			<ui control="UITexture" name="uTexDiffuse1"/>
			<ui control="UITexture" name="uTexDiffuse2"/>
			<ui control="UIColor" name="uColor1"/>
			<ui control="UIColor" name="uColor2"/>
			<ui control="UIFloat4" name="uColorIntensity" elementName="R;G;B;A" min="0" max="3"/>
			<ui control="UIFloat4" name="uUVScale" elementName="UV0 ScaleX;UV0 ScaleY;UV0 OffsetX;UV0 OffsetY"/>
			<ui control="UIFloat4" name="uUVScale1" elementName="UV1 ScaleX;UV1 ScaleY;UV1 OffsetX;UV1 OffsetY"/>
		</ui>
	</customUI>
	<shader type="GLSL" vs="GLSL/VfxScrollUV2VS.glsl" fs="GLSL/VfxScrollUV2FS.glsl" vs_source="GLSL/BasicVfxVS.d.glsl" fs_source="GLSL/BasicVfxFS.d.glsl" define="UV2;SCROLL_UV2"/>
	<shader type="HLSL" vs="HLSL/VfxScrollUV2VS.hlsl" fs="HLSL/VfxScrollUV2FS.hlsl" vs_source="HLSL/BasicVfxVS.d.hlsl" fs_source="HLSL/BasicVfxFS.d.hlsl" define="UV2;SCROLL_UV2"/>
</shaderConfig>